2.634623908517302882e-02,6.817053077834551722e-01,7.195529038162834512e-02,3.366922499087880456e-03,9.713961325386885962e-04,2.786632092268169145e-02,3.672438283375553068e-05,1.112537092326833613e-06,7.269929772448710525e-02,9.502561038251942926e-02,1.141086359324460951e-03,1.547264173836409261e-02,1.692233347554645672e-03,3.915111714531043230e-01,2.992437602811400324e-02,4.415156799017422307e-01,1.785227138426880326e-03,8.855755273659584020e-04,4.956732012529551333e-03,5.518733113770849137e-03,8.427507860997848418e-03,6.493777531654006466e-03,6.462605970744702555e-01,4.881655912182743771e-03,1.103784730029007746e-03,5.305972153356808968e-03,9.087942373646481055e-04,6.586570922353234513e-03,5.639441228411777585e-03,1.601865243584994249e-04,6.632834341986191748e-03,1.783984490995025495e-05,9.573725381179295103e-04,1.389840201603786117e-04,5.366837271367697797e-04,2.275144147320816348e-03,0.000000000000000000e+00,6.059630693755718549e-03,7.484195972002581903e-05,3.123883056455262273e-04,8.623326214200156478e-04,6.808149414642362431e-03
6.199291455672170104e-01,3.607609952796396735e-01,8.120738982994188393e-02,3.100983175781250184e-02,5.560737395841594370e-03,7.950346057982871084e-02,3.290528606482669670e-03,1.779228073273928304e-02,7.500250097176314190e-02,1.387647755701419405e-01,3.044829507001990503e-03,2.678222253946574080e-02,5.067205574117536471e-02,7.527739080850842646e-01,3.634976357271631209e-02,1.585841575529276654e-02,1.464726307767543964e-02,1.619793952389697068e-03,4.801052801105332342e-03,4.441341514177583882e-03,1.346157744291317550e-02,1.154126245322997270e-02,1.927107577444369946e-01,9.875163152899109342e-03,4.801046267278146646e-06,9.785608367169454022e-03,5.009053254457574225e-04,5.388278752567764868e-03,5.909054403628725451e-03,1.839600694111418779e-03,2.819776745826099162e-01,2.512303526507041977e-03,5.913015570925430828e-03,2.717445929115230798e-04,4.561093166660169286e-04,7.014975572135711754e-03,0.000000000000000000e+00,1.356208291565010222e-02,5.668929561695207234e-05,9.895751945532085293e-04,2.281609170642890546e-05,2.292382186730641726e-03
4.641011169692034477e-02,3.767414841153958471e-02,8.497367917578618757e-01,2.386686560003687795e-03,3.086124843045421652e-03,4.860899519946720458e-04,5.613988501373157886e-02,7.892250838399156212e-06,1.647592200376096216e-01,1.957406063645406383e-02,1.571622550068534629e-01,6.987361405344649648e-04,3.013912557626440431e-05,1.341387318973363656e-02,2.701128889097778041e-01,1.247718880386496261e-02,1.172686728379357520e-03,4.292579050490364203e-05,2.675114105133730158e-02,1.137375055991168421e-01,6.170854561616876787e-05,1.903415599379267264e-06,6.669135613500774406e-05,1.486341805153329823e-02,2.264498210128199629e-01,2.058572785131388555e-02,8.189460647417093342e-02,9.326800932390895416e-02,3.499264165875316107e-02,7.242136017002452110e-03,2.921480673697129243e-02,1.097984221262015003e-01,6.647097559233522412e-02,6.831289392733760901e-02,1.268538710240649237e-02,4.017969569847697209e-02,0.000000000000000000e+00,4.978896402971935004e-02,1.630639066202455370e-02,3.908807925714850840e-04,2.100302730800771289e-01,3.524932832211331579e-01
9.068890908963159192e-02,6.688721359845387626e-01,4.722674053922190120e-03,7.458670965752284276e-01,5.342360188277836238e-04,6.438764630649547183e-01,2.411475362792740403e-05,1.489718802315439794e-01,1.347936392954218049e-02,3.237117249495025800e-02,6.495077637988222290e-03,5.116474489771981847e-03,1.925214064574120865e-01,2.972709440058208738e-02,1.518414265061490817e-03,1.546178887432546334e-01,2.237006337154924807e-01,7.824245902969519106e-02,7.659505415805856589e-04,1.676742993963069566e-03,5.901863774539216866e-03,2.006789892637251584e-03,1.866479387679451651e-01,2.368926838669522107e-04,1.105577642431328500e-06,1.096600329846523017e-03,1.747799453525959566e-05,9.860739631092759958e-04,5.819130209768752764e-04,1.918080439050160607e-04,3.265787645397531525e-01,3.082667277965505845e-04,8.480447893852736735e-04,4.362399863675391282e-04,4.378867254928412735e-04,2.945341858591463743e-04,0.000000000000000000e+00,1.467958354844901836e-03,3.907293667644062590e-04,4.810231185104574752e-05,2.478837392206323670e-06,9.144682787569822190e-04
4.915078077093761044e-02,3.797975463440424800e-03,1.199250481275569158e-01,5.829540187046469008e-02,4.277708008897742643e-03,6.264973092752992856e-02,1.772228731716120886e-01,1.628830262365444509e-02,8.862685761388383252e-03,1.003058871723363880e-02,5.714015327901240671e-01,3.506493666330522726e-03,1.762675663148443109e-02,7.280264327104137012e-03,2.758711741951211938e-01,9.226961712040538180e-03,1.536593848723067680e-02,7.192970291291056299e-03,2.218723113277367223e-02,1.798124082173968297e-01,2.744019986914248976e-01,2.616821729104438360e-02,9.835259279330570668e-04,6.745521495537577794e-02,6.050157948406420516e-02,5.506338762623828181e-02,2.882652753530538618e-03,5.697392732698092904e-02,7.516594250164501667e-03,5.463220017541685521e-03,6.077328052932929464e-02,8.417048768893802685e-03,2.824777451877133905e-03,3.122795945310396712e-02,6.455625304368442507e-02,1.362618704858921670e-01,0.000000000000000000e+00,1.011252738280405683e-01,3.505469910799439287e-02,1.291083170491574839e-02,4.042569327923783594e-04,3.610773333843286803e-02
1.776833610685116640e-03,2.262197924460293986e-03,2.992967565255041373e-01,3.081402354131904643e-07,8.349404299399110219e-01,5.896079276429904933e-05,4.177505284212937320e-01,1.068130631853368408e-04,4.623433071594917898e-01,3.181042263442202108e-04,7.397746674072035178e-02,4.015722083618839672e-02,2.496695760504689369e-06,1.095467512218152150e-03,8.581129973768353292e-02,9.162954627694999883e-06,4.244158133431687565e-05,3.285428155395069385e-05,7.116694688160223048e-02,2.210873300690011220e-04,1.356594624660398957e-03,1.824290140360840598e-02,4.673406507832843118e-04,6.331172514189685463e-02,5.083094236197379170e-03,1.249315938118254494e-04,4.742186173290109941e-01,1.225495702390766092e-02,1.219862399757196646e-02,1.512949549895160894e-01,7.653437586716068004e-04,7.371061080865380644e-02,8.907861760867215317e-02,3.826031986429100085e-02,4.366235392279807156e-03,8.694470750553105060e-03,0.000000000000000000e+00,1.140621725526821647e-04,1.554146062422581600e-03,3.015419368094319576e-06,3.886686901900997249e-02,4.814600355763913597e-02
6.917542065043791322e-02,7.091417892686956159e-02,2.353205188209137109e-04,9.148537679215883456e-01,5.102017286946218311e-05,9.782531895035240233e-01,9.020448220535749089e-05,2.542325033265136480e-01,8.450863723924189773e-04,3.661425390115075063e-02,3.768473231350647489e-06,4.328654851755309326e-04,1.217926871448433146e-01,2.820304336163589193e-02,5.538847677394451901e-04,4.609877838483657925e-02,1.891382582398215828e-01,1.355980455340256297e-01,1.783842906007245491e-06,6.401953821493500830e-06,4.886378472352977443e-07,8.450607638118990659e-08,5.804869383771748409e-02,7.719475573265908975e-05,1.117543659563267937e-04,1.308492737990631679e-04,9.301454795748959146e-05,4.735178639109740353e-05,4.192975166263967400e-05,8.272214743475158022e-05,1.196503399305918341e-01,3.666538952880349551e-08,6.418091383606533388e-07,7.794386516555913517e-07,2.991597789977969789e-08,9.777256446166788910e-05,0.000000000000000000e+00,2.601008561918093792e-04,4.368826158851984508e-06,9.145786768335271763e-06,2.544116108958510434e-05,8.647673519744420402e-06
4.869985816918828703e-02,4.173224654850181577e-03,6.267901045429641327e-02,1.770085288579462818e-02,4.038171145621540226e-01,4.440694032900271288e-02,3.861514093708067752e-01,1.381931862284698498e-01,6.747147470300248751e-01,2.103879215106200032e-02,9.559900321841046517e-03,2.243128749008480027e-02,3.474097725442501505e-02,6.207513728608279185e-03,4.015963448944159797e-02,3.129518413773869304e-04,2.401420053803032806e-02,8.204563269539566495e-02,1.346343030529447149e-01,6.291144141305636539e-02,1.221512736841849915e-04,2.225515626308981199e-02,1.712936891427768379e-02,5.438499644588286677e-03,6.031255162766683414e-02,1.236417782895065341e-02,4.913766518225134439e-01,5.115913186850390773e-03,4.314785705174462922e-05,1.565346572926769042e-01,9.611707768598820589e-03,1.982836827427668369e-01,1.812348531172047195e-01,7.139659866488952400e-02,1.502365091834880059e-03,4.166732112884555250e-02,0.000000000000000000e+00,1.972112654525823294e-02,2.216819500267881715e-02,1.719037839394194859e-03,4.383237362567948131e-02,6.310623360360359535e-02
3.927027839325084035e-02,6.163982489425765682e-02,3.492351834670296730e-03,1.875228937682852648e-01,1.767525167255606586e-02,3.373379101668714797e-01,1.690415534637742731e-02,9.555866562250605600e-01,3.113295655015146240e-02,3.032194220070780558e-02,4.601428787394132389e-04,7.215119838456619328e-04,2.531199657477509191e-01,3.098510506993603416e-03,2.475341648584145852e-03,5.620704203402109196e-03,1.239945980570453521e-01,5.946034323258885257e-01,5.741198090042759147e-03,3.226460689422480481e-03,7.232227136008293455e-06,9.825295786048166176e-04,6.138107664119100970e-02,9.894414999511255584e-05,2.880500010540091183e-03,7.430797724861125169e-04,2.267692112454344419e-02,1.464750407826468954e-04,9.538415151707725279e-06,7.262300501234991192e-03,5.168059164815326555e-04,9.278958300217228158e-03,8.351998685439662728e-03,3.386317162929860375e-03,1.562530442109210803e-04,2.176730708639106580e-03,0.000000000000000000e+00,1.022753989185560229e-03,8.552387409343266151e-04,3.164126760165074267e-05,2.416970511197356637e-03,3.422419201997688436e-03
4.367174002050356885e-01,7.544239350359442306e-03,1.482380431984683423e-02,1.205380543597443788e-01,6.475192792449712027e-03,1.216748316031587979e-01,4.357761249714755744e-04,1.304389308102872191e-03,3.455169583051152511e-05,8.930093610628825340e-01,9.549201491075971987e-04,9.597662354620265304e-04,3.115681034621733303e-06,6.475627341164269524e-02,2.329142750943109645e-04,5.345818771550063797e-01,2.900779634960214473e-02,3.264253855567650093e-03,1.344160249484664324e-03,3.066638300175880683e-03,1.350960110662993317e-03,4.595859605043483946e-03,2.546291555766931891e-01,2.225961180664578608e-03,5.542501501595121366e-03,6.318730866852323696e-04,3.797220871286491328e-03,4.718300676683390669e-03,4.012287263703369269e-04,4.613348778927905437e-03,3.154124488062516884e-01,1.998577953712876655e-04,7.365672727063005045e-04,1.929737238571295477e-04,6.676146618666026168e-04,3.822428104467948833e-04,0.000000000000000000e+00,1.541590037644175121e-03,1.556454192997235248e-03,2.919303301865221884e-03,1.100795583188634219e-03,2.335331473561229923e-05
1.790050525964023698e-01,5.961862427314247592e-02,2.073838626055057865e-02,2.275043678822628174e-02,9.602801413002588771e-02,1.295306359294086732e-02,3.872246579543854594e-02,1.964032297364632005e-05,4.251786479506823868e-01,1.534455053659576074e-01,2.086108945543597437e-01,3.524816311615053266e-01,2.224780496948714270e-07,5.719838943162969258e-02,7.726270433651107050e-02,7.437656785730924203e-02,7.743571859918336499e-03,5.208029731860987699e-04,1.074786838280910803e-02,1.128964020936284139e-02,3.608218788102283796e-03,1.407730760458658116e-02,5.086990128765577629e-03,4.002016251265458693e-03,1.431033341438400774e-01,9.525695550212211204e-02,9.865848397397224134e-02,4.534876253444894423e-02,4.365009073277538107e-03,9.834920379098202603e-02,1.068640121181210906e-01,4.122293066272873221e-04,6.355122977145117582e-04,1.691752491320893184e-02,1.837697162891353949e-03,4.086905070186191286e-02,0.000000000000000000e+00,1.705780361709513249e-01,8.022117953230067933e-02,9.445800106438302646e-02,2.916858534747091003e-02,1.119545564581537339e-02
2.185483939239026702e-02,2.246752987365238305e-02,1.994001761441030751e-01,7.505399781401337882e-07,2.597216235112496663e-01,9.193650998647541657e-04,3.406209652282748412e-01,3.480405969364247943e-03,5.825991629504072566e-01,5.533102625575977984e-03,1.634904465944047591e-01,1.017716439402663875e-01,6.030925752783668865e-04,1.098174868442722274e-02,9.249408785407715883e-02,3.648463552235897971e-04,1.678639544720131847e-03,1.788240965161903492e-03,3.367230685303350679e-01,8.125121619280964436e-02,7.611975048780008669e-03,6.229616139010506898e-02,4.930686130127419353e-03,1.172844088570386195e-03,5.661780795908381153e-02,2.105293826994119460e-02,3.763003163565949993e-01,6.144448017923038975e-04,7.258882239840501113e-03,1.375507547510813888e-01,8.603834697105352050e-03,1.572902330960687378e-01,1.599474018904239181e-01,3.982345478540513101e-02,3.268751941115842453e-04,1.696271497181919830e-02,0.000000000000000000e+00,1.822345151424522788e-02,1.114427234009741779e-01,4.554215055578342969e-02,1.020797309206207537e-01,8.475207928093042575e-02
6.672101317790432029e-01,1.366043125870779348e-04,1.668775522967410121e-02,5.905441662762356270e-03,1.344828037761825953e-03,6.240337151647060675e-04,7.316085624269167993e-04,2.258836414578204166e-01,1.415484201833376067e-02,9.050633436671138288e-01,5.907330939317679327e-04,5.562485906656519652e-03,5.269702903948236816e-02,1.550986794289607729e-01,7.568364107503125493e-03,2.711198489991420990e-01,1.081795361703425801e-01,1.229430847617525163e-01,7.638647175261886963e-04,1.041720787319002414e-03,2.727901463124441164e-03,2.150836044797711701e-03,2.752416586260818254e-02,1.981090105774866317e-03,1.554929860235656884e-05,1.746686793411518675e-03,1.277735383753260076e-04,1.162362347685910345e-03,1.017395198513746822e-03,4.777155215931640350e-04,3.000159942256935830e-01,5.493738145681012573e-04,1.208418430515452230e-03,3.398682489680380727e-05,6.147025432728475637e-05,1.352591158145045880e-03,0.000000000000000000e+00,2.527318945620950653e-03,1.781438046477005706e-06,1.348987739646202797e-04,1.360946131204470803e-07,5.909530673986890248e-04
1.482788259683427180e-02,1.680073689637806567e-02,2.698905365692832667e-02,3.848484258412834856e-04,2.854254653977077172e-02,5.713491928366211899e-07,1.596360869556396611e-01,6.086467868571015567e-05,9.941799170086879067e-05,4.146554159029947409e-03,5.701449067154497063e-01,8.278293670643839253e-01,5.810362387207285400e-06,6.965242951105653398e-03,8.896797463933732442e-02,1.255025350455796001e-03,3.050182928829477656e-04,1.165756269085599194e-08,4.666512469103261118e-01,3.510776865053773232e-02,2.500374754165166427e-02,1.174561789473439928e-03,1.152251848775877026e-03,3.835735979017336483e-02,1.403322765065241227e-04,1.550690778661217156e-02,7.068321651471115574e-03,1.574599399650228326e-02,2.047005268899727316e-03,8.870591472325703442e-03,7.850172086607754701e-03,7.381148563392358510e-03,6.319940267410243707e-03,1.595557635290680357e-02,1.706525521808466977e-02,4.835498869905621722e-02,0.000000000000000000e+00,2.201037399898979688e-03,3.123086108675391381e-01,3.052793736020770199e-01,1.223702865933907341e-02,2.614894990817708334e-02
3.078261609451641819e-05,1.980369223060751780e-03,2.364431072720417082e-01,1.501139691694668198e-03,4.861378079308091528e-04,8.026520515860972090e-04,2.839312507788014917e-01,3.072644054587910173e-04,6.039905891258709122e-03,1.168996827891264197e-04,6.484270536684330066e-01,2.011834934646611686e-02,2.343648441192597038e-03,1.944183067909938290e-08,5.070876975584582835e-01,2.651548008398700761e-07,2.286639853249367461e-03,2.572629850174593265e-04,7.521833835661105323e-04,1.237477108935141623e-01,4.439273297358121984e-02,1.095891061239106928e-01,4.051973263774950071e-04,5.038901302671461302e-02,1.319817860377857921e-01,7.857943925438891364e-02,1.274002184012323381e-02,1.244502783170347571e-01,2.116557113882904222e-03,8.245411024773734079e-04,2.880157682294588067e-04,6.528017606270984652e-02,3.489836879143462522e-02,1.990098742998173617e-02,9.282413008463570592e-02,2.944451448782972047e-01,0.000000000000000000e+00,2.424429676884282958e-01,3.314379913826968199e-02,7.507891060310531786e-03,8.168461179266416072e-02,2.497204090633773428e-04
1.248645563333286024e-01,5.967846806827703521e-02,4.051019966244444261e-04,2.666958304774837973e-01,4.922469695920714565e-05,1.339811120728411076e-01,6.103724957269045093e-06,2.627624727578229402e-01,2.272064590757081183e-04,1.718808245932940734e-03,7.958542914146207606e-05,1.109475945871663476e-04,9.931940827521573700e-01,7.895342477045388940e-02,1.018373164471564639e-04,6.243829902297767104e-02,7.513043325757698954e-01,2.152011396609773142e-01,1.497155676947121516e-06,1.481563946911041904e-04,4.860969561499331573e-05,1.716233412856069324e-04,1.237952930325051798e-01,1.289957289278031484e-04,8.839903491731717115e-05,7.719822638548203467e-06,4.277611898371502817e-06,5.641531718627218933e-05,5.467374809981026556e-05,2.957043727466936116e-05,4.946665843672784502e-01,5.000759657645581328e-07,7.632305539493019385e-06,8.697674973106463064e-06,7.699224494987189321e-05,2.914916947271002680e-05,0.000000000000000000e+00,9.264675964688316812e-06,3.349333576176797472e-06,1.262664502925997942e-07,9.937543984857913541e-06,2.318623454541525312e-05
1.556737103296688962e-02,1.085601389343996206e-02,3.316215800469651254e-01,1.419465647689263405e-04,1.691744020500062602e-03,4.484392905297492050e-04,2.245060518686472772e-01,3.712438010051136877e-04,5.027623976989650106e-02,3.061936633221073144e-03,3.245305958226440968e-01,1.788985882010127870e-01,3.041844593871995562e-03,8.770761519742169623e-03,8.914111925259492475e-01,1.309255683076640444e-03,9.813353179102030002e-04,5.656270307397642198e-04,1.790799677349920460e-02,3.737174049080757912e-05,3.564140809970468143e-02,1.910480381748075329e-01,3.504624710575316381e-04,1.147811373856818390e-01,2.531499030016452073e-02,2.149123567106820342e-04,3.633693238793918312e-02,1.584502482575901872e-01,2.526713865448880145e-02,2.293494088572281195e-02,1.253715744310019559e-02,2.970819591989934914e-03,6.894357343829278029e-04,1.381697259266702511e-02,3.378216366868259934e-02,6.978513490329113500e-02,0.000000000000000000e+00,6.549481838433898750e-02,2.687725732612301303e-03,6.148169458396213552e-03,2.306616893801522739e-01,5.449776269810178986e-02
4.554351658530224334e-02,5.140613358765356855e-01,3.638486428479848194e-03,7.744237301354623391e-05,6.605859296233970246e-04,7.026326554769279399e-03,4.179557698575596110e-04,3.145554319923569032e-03,2.961882542312151666e-03,2.011579926824522482e-02,6.878362955808529173e-04,2.108860263801595747e-03,9.389142888609453008e-03,7.231236333580310927e-01,1.358637384180608979e-03,5.464570091700690080e-01,8.255551830355260107e-03,1.412195333021928033e-02,7.516543393136088673e-06,1.533020985723706066e-04,6.998750168993464818e-04,9.930712083054749669e-04,6.646165676354818252e-01,3.501898652941496911e-04,3.390632469876057938e-06,8.405356419151125379e-04,2.421607426306937821e-04,7.359313977153185762e-04,3.272986280671919056e-04,4.343046191458293267e-04,9.373394821815034597e-03,3.844484540113186823e-04,6.440211795470336458e-04,1.603460139533038165e-05,4.609905874098084330e-06,5.540151258148050132e-04,0.000000000000000000e+00,9.407564756970695748e-04,1.049872601309919182e-04,6.426446552565703967e-06,4.112840718574824357e-05,1.091673580507746238e-04
2.822358372674645399e-01,1.861126236365591990e-01,9.714629472215088879e-03,4.329176146588421641e-03,8.070902979465554477e-04,1.467692735861988312e-02,3.346950054157708928e-04,2.307331395356610422e-05,8.419073177859250773e-03,6.210800360281595323e-01,8.450378221535677532e-04,4.954808922060095593e-03,1.624556827078049021e-02,3.243666269031025839e-02,5.932225044795635255e-03,9.689746799323143422e-01,4.507226579427359636e-04,4.438512898347989457e-04,1.207276896492355306e-04,1.760026380386507270e-03,1.485062854768663069e-03,6.951093834658829233e-04,6.664842528422757484e-01,1.462757132665299178e-03,1.858921655659380228e-04,1.895031663511002851e-04,5.831757910175290721e-06,4.318193161566608084e-04,3.052609795160533520e-04,9.723784896306041884e-05,4.507486347914674840e-01,4.744317979061466703e-05,2.107577376959191636e-04,1.087025249180460725e-05,1.530957195298743322e-04,1.397540933122173726e-04,0.000000000000000000e+00,5.719912072851617924e-04,3.901755064108125055e-05,1.799519018982891362e-06,1.790633866597111424e-04,9.796558462182563404e-04
1.924407418472138880e-04,1.265920610645339872e-04,1.817775407920444375e-04,2.870170105211895112e-02,2.472598367472548706e-04,1.008241366623914143e-01,3.803810799379583277e-04,5.869503508771046763e-01,2.604331243253048959e-08,1.240796053780171245e-03,4.663542243162782132e-04,1.387052155672041393e-03,3.396407847984604933e-01,3.683357132392954948e-04,3.682856633688361418e-04,5.863758059659171518e-02,4.961309920218290870e-01,9.575977825296893009e-01,1.356236389425495787e-03,3.213948351096010257e-05,2.716512426283148426e-06,1.934240589619015335e-04,2.079958223916492377e-01,2.936399465260576720e-04,1.939062739405646190e-05,5.343301400897400218e-06,9.971267459962531341e-07,1.324996596392091716e-06,1.325464281906294254e-04,3.351918626517380573e-04,6.442700963461601982e-02,1.805412520033779548e-04,3.028095241765690329e-04,3.427004827547479966e-04,5.110634682251321512e-05,1.735633546695417739e-06,0.000000000000000000e+00,1.777847339972519729e-05,5.197136695057505244e-04,4.550908874155682837e-04,5.618842910737368129e-07,9.928922744172436691e-05
4.443237908015942872e-02,1.669697908314925899e-02,2.382856904976475373e-05,1.382157767760184008e-01,6.589841195164712281e-05,2.578524793059296383e-01,9.096554128395279348e-05,6.650346640969940770e-01,4.677413381909015049e-05,2.498092606824953155e-02,1.325199164162885808e-04,8.285672377622439993e-05,1.647485415864348157e-01,3.455720663392767168e-03,1.741734380146651615e-05,1.327696973936921994e-02,2.905401068085792793e-01,9.736280857823108592e-01,6.751559995287270753e-05,1.589705132524295547e-05,1.178366813122085966e-05,9.679683014113036981e-05,1.272024658781811535e-01,1.614326067943577163e-05,1.130016211914569406e-05,2.854721972870367984e-05,1.853451871610067804e-04,1.243433032622408151e-05,7.597809495048140005e-06,2.889160224048558466e-05,5.826116651475972072e-05,2.809987532991331906e-05,3.100742496718518368e-05,4.262561873766442227e-05,1.529582355723731826e-06,5.359722924168769037e-06,0.000000000000000000e+00,1.264259855352429394e-05,8.074317656792008439e-05,3.709971865526441267e-05,6.614745120466960354e-05,3.047387317719824822e-05
3.267228356156580416e-03,2.128435747492302566e-03,1.069907199579562119e-04,9.720370534023024410e-05,4.096399889326225729e-02,5.563758906994996687e-05,7.444541499129474216e-02,3.697627217818923260e-04,1.019779840851508940e-01,1.216049377458625416e-03,1.699377911148227671e-01,4.738369167342542099e-01,5.464715483458447301e-04,1.306625559779970268e-03,9.892868196082990617e-02,9.840921346062998440e-04,1.822806595580286047e-04,5.779563803213451844e-04,8.799593816236481736e-01,4.859082663472769070e-02,1.129109751759137664e-01,1.809218676116806923e-02,5.079400073244464477e-05,1.457808273269914356e-01,8.618372043836114438e-02,1.330953878823474823e-01,2.766267109618276358e-04,4.354257514320550825e-03,3.082611031366327362e-03,5.192722892430731013e-02,2.851807132638965389e-03,2.253122794159892071e-04,1.359062267267776561e-03,1.588025799336640342e-01,1.088535321058903098e-02,1.084179822916687130e-01,0.000000000000000000e+00,7.118379886855935590e-02,2.869995532681280381e-01,3.115863893792591988e-01,3.036418796857239520e-04,2.454061475642650009e-02
1.563742052469740702e-04,4.877797634531463302e-04,9.390563414882918680e-02,8.185990166171323260e-05,7.746509390554073837e-02,4.269080104876795312e-05,2.046557651890239249e-01,9.071899781399715977e-06,6.003948534333628829e-03,3.666648006155101520e-05,1.920585875876234042e-02,5.417997928982457717e-03,5.358104929521148014e-06,9.662847155498464598e-05,2.258722892055490053e-02,9.045287396897489903e-06,9.561168091475428173e-06,3.262128845443638074e-05,3.381943768525107197e-02,9.183149097924799831e-01,5.599524006522926811e-02,4.395848967688233133e-02,2.747376779376889058e-05,1.778858597775399841e-02,5.780204228640136721e-01,7.633842162075196169e-01,1.404936510179340646e-02,2.454946175614386439e-02,1.723897290854383146e-01,2.392308731109533265e-03,5.501948361329528711e-05,1.922789011336253073e-01,2.317782375918764348e-01,1.091620072820662958e-02,7.295680438064709727e-02,5.478665393533950212e-01,0.000000000000000000e+00,7.236025165625310507e-01,6.449819919700581182e-03,1.160320654325742084e-03,1.164598175234506650e-01,1.864550262240459166e-01
1.134816145139194710e-02,1.266761722625401806e-02,6.590960181304666467e-03,2.340752092316074741e-04,2.650285610192452679e-01,2.187401658688531793e-06,7.610617355845881483e-03,7.852409917873814796e-05,3.621181320628325678e-02,3.135539944133296838e-03,1.715710767231028167e-02,8.619103016181994814e-02,3.199116162776267973e-06,5.517001169938797953e-03,9.969500655269356026e-02,8.382306891406062638e-04,2.871202184385904872e-04,1.671375286454055025e-05,7.290697480636756933e-02,9.498485660592162483e-02,9.231913981679874537e-01,4.355838900805254071e-03,1.027522926627625222e-03,2.787408126684418064e-02,8.168054037186308833e-03,1.573126756603229065e-02,3.305508459329879745e-02,1.071273678377431503e-02,4.934762860804187135e-02,2.989752664133057958e-01,5.902414165706256800e-03,2.297340259089460934e-01,2.375796189134571079e-01,9.002575462996011612e-05,1.130984491205606034e-02,6.685496583924690692e-03,0.000000000000000000e+00,2.952042875796119536e-04,4.542623875531037400e-04,1.846858104790369357e-03,6.162089055335526894e-02,1.413447559715365065e-01
4.252493982607864309e-04,5.908447326831028652e-04,4.088499003125765810e-04,1.235696869733927722e-04,1.334394824885396652e-02,1.050651963317489790e-04,2.470225258878262428e-02,1.543711921756490003e-04,8.654267935072645392e-04,1.522971355124159542e-04,3.594093164464116398e-03,4.333343419825187032e-02,4.365283119013587906e-05,8.179466526359364009e-05,1.694598616115492729e-01,2.771836946135010685e-04,1.667647685174769833e-05,2.447576052454581504e-04,3.983629095951315204e-05,1.891228295277785909e-01,1.529743343751253093e-01,8.338741588300344620e-01,3.923339710614758171e-05,1.155545441478914165e-01,3.961505626029296692e-03,9.050177177428034292e-02,3.254680688045602158e-05,3.457795713749558381e-02,6.782137709486072419e-01,1.018699892761535351e-02,4.056980153274992161e-04,4.931941468243985355e-02,1.464743573253196227e-04,4.040795163572709868e-03,2.214509687875046706e-01,4.172646289605587422e-02,0.000000000000000000e+00,1.876766656048937162e-03,1.596364786892370564e-03,1.728179996779397347e-03,2.045799215042125585e-01,3.950303812451527730e-02
5.402425848866663216e-01,1.045193774534260850e-01,8.086971245038915030e-04,1.186208062182598361e-01,4.413606976761258287e-03,7.651815250539444058e-02,4.701373806461538185e-03,6.308789882629568802e-03,3.327509646801642129e-02,4.151325558876638455e-01,4.437519484031135497e-03,3.182464899965926301e-03,3.462937895836862845e-01,7.463905623568893588e-02,5.041540701054495876e-04,4.493771224514403473e-01,2.145243927202848677e-01,2.334991511723984517e-02,1.458515978509435443e-03,2.032089812250483657e-02,7.158894044396904403e-03,2.179235658890874699e-02,2.975071898644361945e-01,1.082998015759582267e-01,1.538427943227330466e-02,8.437230245323849853e-02,4.114553583866058570e-05,2.141163672094432285e-02,2.010791523723562727e-04,7.990012965396452995e-04,8.070846212124404007e-01,1.319836908451932529e-02,7.806061352649298207e-03,2.457269437841963413e-03,5.554548530656471667e-02,7.883200095446514510e-02,0.000000000000000000e+00,7.553422835611016406e-02,4.576550101897081894e-04,1.283212837798723130e-03,1.933938802705389851e-03,3.954429951668880609e-03
2.298772666652269120e-03,2.616728706181958852e-03,4.797210646572246107e-02,9.559760483570360233e-05,3.220171042727871386e-02,5.338091007498452049e-04,2.118840295232512355e-02,1.154129202414455905e-03,3.410889633052908293e-02,3.618965172171690020e-04,1.883403183386846581e-03,1.204195800337565410e-02,1.794953980032131251e-04,2.160969865042541502e-03,3.110808333083246724e-02,1.965254434582678212e-04,3.603649175663355825e-04,8.870227765210075485e-04,7.944945325745714215e-02,7.884266143118517922e-03,8.479086801207073388e-04,4.340842546677953218e-02,1.938464176724529744e-03,5.033694387524567659e-01,2.707411059899922923e-01,2.026227839398762540e-02,1.108795110329669972e-02,6.773327357813091476e-01,1.162525576262951957e-02,1.989455095793355721e-01,4.913335628840385808e-04,1.069186844269473524e-02,3.065266194776062984e-03,9.309456633434036454e-02,2.917638517332865056e-01,2.419738381089700519e-02,0.000000000000000000e+00,1.299450830444099725e-03,5.373632070393027926e-03,7.902930593641896775e-03,7.356971429596110548e-04,5.176045800974993921e-02
8.348035930368910562e-03,1.786946581365683653e-03,4.588772513528263652e-02,3.954190365015618132e-05,5.315947086797057075e-03,1.057816128240456418e-04,6.295672039386424231e-03,3.285537356987305028e-05,3.835094042810596911e-03,3.732819083000792071e-03,9.240959636183930515e-02,4.189857706478637991e-06,1.108494082784753027e-03,2.148878691586733093e-03,5.114416043959288394e-02,3.127912528435063122e-03,3.864352050050205234e-04,2.276375828052523166e-04,9.422425419291610010e-03,2.694440787378505134e-02,7.827556822445187745e-02,3.294893961393166593e-01,3.650187836370420236e-04,8.148606880944673225e-01,5.075109983005152842e-02,6.711653218630821496e-03,2.038622822671510085e-02,2.354326485549697590e-01,1.528579814610596110e-01,6.805358556948803983e-02,7.737527007298034692e-03,2.452294701161954193e-02,1.045809617270458463e-03,1.014117375292162507e-03,2.773975942925474558e-01,4.414436081644468324e-02,0.000000000000000000e+00,3.676738117000600322e-03,1.377110008540439155e-03,9.693193548168621511e-04,2.015661071335318050e-03,4.297581126256693439e-03
8.654806531613636056e-04,1.245731628767661773e-03,6.642120436056601039e-03,7.543662211995613741e-05,3.582475020157183665e-01,3.531077101571244910e-05,1.746107254705887291e-01,1.022265813854780021e-04,3.447783272407947130e-01,1.971459352129245688e-04,5.284457485713967527e-03,6.662806881609304940e-03,6.765848117943555184e-05,4.018258980349582142e-04,2.722232726618817669e-02,1.523815031705202407e-04,1.232443322721090829e-05,1.604016792315235494e-04,1.895080450678002931e-02,2.143218280478137450e-02,7.459888400618139292e-02,1.469661285000305358e-02,8.277879371829615198e-06,3.987661370473671862e-02,5.297690456338459072e-03,5.044258113372120794e-02,8.110092853208276109e-01,2.201403387432432635e-01,1.230311052273171807e-02,3.636926184695455505e-02,6.303717026573019307e-04,1.898007827231860869e-03,1.221807080017509430e-03,2.562616480609379299e-01,2.892569410759677356e-02,8.447982410916985915e-03,0.000000000000000000e+00,7.543715804356469185e-06,5.051561174989170492e-04,3.652630217792174512e-03,2.238028037128059894e-02,1.202032706065243699e-02
8.491539526612593147e-03,3.851423852356183550e-03,1.662026931492728218e-02,2.469906477176146587e-07,1.190630818543532421e-01,6.875960537788106770e-05,1.416904374542626022e-01,1.334773532842460486e-06,1.416453181723370536e-01,3.200619576531468433e-03,1.007173297554434382e-01,9.266947630756686670e-04,5.543118667338054265e-04,3.277949783711609985e-03,2.142181726334658394e-05,1.690205750944596399e-03,4.489665457048422597e-05,3.388102331927815894e-05,4.680189674801652627e-02,7.603805679488899738e-01,3.014285750758791300e-03,3.257251517777328461e-03,1.692287022821751573e-06,2.053316620265098133e-02,7.197595719860150343e-01,7.911978794596501441e-01,5.215852790838604314e-02,6.879914587626234646e-02,1.232431384100399901e-01,3.684653309824781342e-02,6.347004289721167904e-03,9.696909461550211329e-02,1.175295063040312366e-01,8.765542520557780340e-03,4.392008994651590281e-02,5.995710437374380808e-01,0.000000000000000000e+00,8.006066034345972193e-01,1.636807673059865673e-02,2.124264302353898529e-02,2.084704570891855041e-02,1.077989634737471364e-01
2.606899301878491584e-03,3.547744356034164201e-03,7.045004887233333180e-02,9.733280084879717211e-05,1.057451139565550329e-04,3.006926947300975776e-06,8.411751503220213366e-02,4.463158293818156647e-07,4.952668210438892354e-03,6.256095800946436056e-04,2.948626870101693498e-02,7.554848884789008845e-03,3.125951607212838749e-06,1.409159413244063857e-03,5.506971981809669070e-02,1.491340154757094037e-04,5.543305755728252410e-05,1.903116651440897999e-06,1.999926560830267083e-02,1.111187907995058507e-03,3.657723307676004343e-02,1.104934992717690294e-02,3.053081330744914336e-04,3.064224099680031843e-01,2.794711312713380469e-01,7.974342144018203848e-02,5.849444846317357859e-05,9.258845878913612992e-01,1.407634940449648507e-02,4.638486258435537551e-03,1.329924900933761528e-03,7.979306324352546109e-02,7.659618316593827525e-02,7.687267226380878685e-03,1.751235329547670694e-01,2.208184324171450248e-06,0.000000000000000000e+00,9.140873487312937279e-03,4.558261192797118631e-03,6.870999811928796795e-03,8.437989863966994424e-04,5.117772996945723490e-02
2.291450852955960200e-03,2.894483447403146861e-03,7.540769062154481506e-02,3.634575926025143688e-05,6.708434049996471688e-04,5.730849584640613263e-06,1.176334679405470138e-02,3.987608389974143868e-05,2.093242000133960050e-03,5.436516927559579887e-04,7.843879470812065331e-04,1.883925378487118565e-02,7.908422529041037734e-07,1.292763996259539867e-03,4.648382821865472414e-02,7.362427145202920164e-05,8.174533744402871750e-05,1.633789994863442610e-05,5.640645127326076588e-05,1.329356360761695388e-01,1.352173678567878123e-01,4.677539809364817391e-01,3.821443826970856157e-04,1.196008877917945773e-02,3.501449084186161417e-04,7.412909512422825864e-02,8.332751624833821839e-04,5.972063127044588415e-02,9.583683123296120598e-01,8.685211270530110439e-03,1.064480363667035965e-03,7.451616730212935746e-02,7.767982445905286697e-05,6.368432372649924199e-03,3.382594562084541012e-01,5.543369979920351881e-02,0.000000000000000000e+00,5.484112537358460868e-03,3.368953621441588778e-03,1.632822097286773869e-02,1.287743545704368164e-01,8.113301262876699421e-03
5.192982983764589389e-03,4.067478571919123410e-03,1.091671961649738620e-02,5.288525144872796812e-05,1.360434042476172389e-01,2.311101344376977089e-06,1.191855791122424513e-01,2.943027238382387885e-06,1.702591120561940952e-01,1.732858466007322889e-03,1.134746279422411790e-02,3.597942562440879788e-02,7.502634135831262520e-05,2.173261650134837575e-03,1.078467951431785754e-01,7.379640950881705434e-04,1.135664792305199186e-05,9.038804969774868591e-06,1.653959606970677523e-02,1.868658355060251741e-01,1.952591821031612884e-01,1.099227821630296281e-01,1.053358339832266691e-04,9.491709935682807577e-05,1.432776782793173942e-01,9.837098375773908887e-02,9.343952448453130000e-02,1.825832565220025100e-02,4.540452461039025389e-02,6.515967309415144904e-01,3.246710863552965121e-03,8.211383650964236836e-01,9.672840220422035395e-01,1.054099916955280603e-01,1.460691600411078350e-03,2.408763598853837229e-01,0.000000000000000000e+00,2.215345714844271507e-01,2.393681804314702968e-02,2.615339434846273084e-03,2.349269222566614107e-02,3.586617025372683832e-03
5.194650687735441388e-04,4.805896091421624542e-04,4.024122549320751849e-03,1.531591177551308917e-06,4.876919417842744825e-02,3.886909733356451422e-06,1.265052591810559568e-01,2.980351789710432586e-06,4.269719980423967217e-04,1.367634123124194005e-04,4.292569038140580523e-03,3.439556143729417120e-02,5.149493360161136208e-06,2.457639880055730508e-04,1.274176434793430727e-02,4.197430150951209500e-05,2.838105475741805241e-06,4.029837879462941961e-07,1.314299496970819381e-01,2.604087199213084552e-03,2.270782471879402575e-02,3.044840251466950087e-02,3.463728957166203242e-05,1.734177706682447960e-03,9.705825687406266500e-02,2.825773398910273043e-02,2.331518791572337324e-01,8.302131458052433577e-03,8.977109741789553003e-04,3.746652774949326692e-01,3.026234286807303101e-04,1.502575865719006920e-01,1.889799493140442987e-01,9.791200073322329223e-01,5.197372865635015507e-03,2.255132527450687168e-05,0.000000000000000000e+00,1.671198609867428518e-03,5.461148536225748223e-02,7.284948511201509713e-02,1.306488725645652471e-03,3.978749145907640311e-02
5.495308667456847649e-05,1.508070981057963660e-05,1.628744647237614918e-02,3.494810619690723671e-05,4.740224418563726561e-03,2.007722435664387344e-05,7.556598010797498099e-02,1.355213503358909590e-05,5.964754622514336381e-07,2.166364186109958874e-05,3.952620237079307146e-03,2.700011309392063782e-02,1.098083423221695695e-04,1.145966467003581224e-05,8.740757880202496000e-03,4.205767797421517394e-05,8.395381896737296281e-05,1.926625984830393715e-05,6.392015424161891224e-02,4.920617332832696172e-02,2.645595949762630239e-03,2.378463480640019834e-01,3.980046835973069004e-05,2.601356336527435587e-01,8.758515461752030412e-03,1.953181516233493120e-01,1.282704883306318080e-04,1.029451798374314830e-01,2.991923469780370382e-01,3.378129170102911472e-02,1.191648893539403044e-04,1.066896046604089293e-01,9.176815248493425115e-03,2.354307705088314918e-03,9.782207493090669947e-01,4.475943839716291506e-01,0.000000000000000000e+00,2.594837453600855048e-01,1.499740262006232262e-02,3.278934927071990718e-02,1.943030566360931868e-02,1.847382717577153357e-04
1.233034855297955221e-08,7.419443678534788126e-08,7.872028144007654424e-03,9.918899772225428117e-06,1.216759992877849972e-02,1.738663428646018344e-05,4.528363625788452834e-02,3.071629635347661861e-05,2.699204683723914044e-03,1.143049846707462966e-06,1.986995040351043074e-01,2.454711309730450430e-01,6.862236325284132623e-06,4.211298206096717055e-06,1.032727759147485103e-02,2.152492760531954786e-05,9.275080421805416902e-06,4.245163054235794118e-05,2.993957941212183615e-01,2.406766256919934399e-03,8.841029537999103090e-05,1.029401697057670539e-02,2.865427207994572528e-05,5.665797344721464242e-03,5.229570941670904673e-04,3.421544672012616448e-03,1.508987248037380827e-04,2.479166773150169849e-03,1.655473723427280594e-02,4.717080961084796353e-02,5.014774451966316790e-06,2.724953569870879055e-02,4.352656125780499097e-02,4.913235585849061449e-02,9.963582186116060405e-03,1.556705687741452571e-02,0.000000000000000000e+00,1.801932524591699520e-03,9.642877653124806159e-01,9.049702766731603232e-01,7.597019348596192921e-04,6.402290160874342384e-02
1.902359159762452012e-05,1.759276871885478644e-05,6.506522123927996164e-03,5.537451122587508263e-06,7.456738046134351629e-03,1.595332234724401840e-05,3.367693543016268831e-02,3.171046362444940526e-05,1.612231617341598842e-03,2.201632140485052500e-06,1.929924506305585874e-01,2.399844980784677784e-01,5.596377332438729866e-06,2.604374945201000136e-05,1.212801825945361740e-02,9.893435413399542515e-06,1.263345482875014538e-05,4.010877678482341097e-05,3.086635593744483375e-01,4.415474569486242847e-03,6.766380551771369704e-04,9.776971090399665804e-03,3.971499368790513913e-05,7.006295457910678183e-03,2.563733201165438805e-03,6.811635667836373788e-03,1.872265135149517356e-03,2.147643765947769047e-03,1.597655588539095145e-02,4.410863215216320743e-02,1.211855825807239706e-06,2.062793299432629304e-02,3.525468654917550404e-02,6.354949211470961590e-02,1.058707957323473670e-02,2.204737114173127566e-02,0.000000000000000000e+00,4.626702941821177369e-03,9.632083856658355536e-01,9.120290677286766456e-01,1.117852144679282135e-03,6.429983975943857899e-02
1.492589360434662514e-05,1.008056852892266184e-05,1.941044015021413383e-01,2.855929944634173395e-06,6.610475081133773689e-02,8.770289828651481486e-06,2.702615540921480403e-02,2.247512334495039061e-05,1.421098719756674206e-02,2.401254870574986475e-06,2.607047324562261278e-02,5.594327615270630605e-02,5.658455911179889426e-06,2.039294032386791302e-06,2.764904513942179065e-01,1.478133462197208355e-07,4.400285105960650243e-06,1.314127256748350841e-05,1.134728575663883751e-05,1.435912738425080548e-01,6.586238524279747208e-02,1.176892010319975229e-01,6.000412167335612196e-06,1.208636669791720436e-02,2.549968121699241683e-02,5.140625327024427732e-02,2.815212007582549268e-03,4.390077825193901100e-03,1.386421060629372537e-01,3.092034088669225189e-02,4.504561835496256040e-06,2.712619640899870468e-02,5.216621920533029422e-03,4.368298218081588004e-03,2.907742539322865846e-02,5.030641657928173506e-03,0.000000000000000000e+00,2.924060740167157627e-03,5.698548719230203934e-04,3.379288875217953403e-02,9.623676252534824060e-01,7.090262203231910698e-01
2.159745237331513461e-05,4.472760980728704406e-05,2.225985518866985535e-01,1.471033082660569316e-05,8.053788795146156476e-02,1.391070194354700839e-05,1.847427391736945410e-02,2.074238273284475809e-05,1.244604117079941598e-02,9.039518643729516857e-06,2.333215343729045516e-02,4.541659775877598948e-02,4.963543736563237352e-06,2.086931129278240022e-05,2.533517645151703301e-01,4.193757651506923162e-06,2.115200485766261156e-07,1.496937094786323155e-05,1.558963409082028033e-04,1.626436035347438025e-01,7.400972664536277501e-02,9.900789976729333641e-02,1.775357400107248389e-08,9.963162761077915333e-03,4.024035786601515979e-02,5.657407941775600968e-02,4.855883222370311475e-03,4.198165046269933969e-04,1.220436561278528398e-01,3.499656266763359613e-02,1.490346293759382032e-05,2.102864167094922743e-02,3.945800774776925084e-03,3.847150841321758490e-03,2.147198364010369578e-02,1.724474543001080010e-03,0.000000000000000000e+00,4.547079189220536253e-04,1.032901937722915833e-04,2.773689687651876082e-02,9.637989900151294753e-01,7.471304692555876814e-01
